question,answer
"What are your business hours?","Our business hours are Monday to Friday, 9 AM to 5 PM."
"How can I reset my password?","You can reset your password by clicking on the 'Forgot Password' link on the login page."
"Where are you located?","We are located at 123 Main Street, Anytown, USA."
"Do you offer international shipping?","Yes, we offer international shipping to over 100 countries."
"What is your return policy?","You can return any item within 30 days of purchase for a full refund."
"How do I track my order?","You can track your order using the tracking number provided in your confirmation email."
"What payment methods do you accept?","We accept Visa, MasterCard, American Express, and PayPal."
"How can I contact customer service?","You can contact customer service by email at support@example.com or by phone at 1-800-123-4567."
"Can I change my order after placing it?","Yes, you can change your order within 24 hours of placing it by contacting our customer service."
"Do you offer gift cards?","Yes, we offer gift cards in various denominations. You can purchase them on our website."
"How do I apply a discount code?","You can apply a discount code at checkout by entering it in the 'Discount Code' field."
"Is my personal information secure?","Yes, we take your privacy seriously and use industry-standard security measures to protect your personal information."
"How do I create an account?","You can create an account by clicking on the 'Sign Up' button on our website and filling out the registration form."
"What if I receive a damaged item?","If you receive a damaged item, please contact our customer service immediately for assistance."
"Can I cancel my order?","Yes, you can cancel your order within 24 hours of placing it by contacting our customer service."
"Do you offer free shipping?","Yes, we offer free standard shipping on all orders over $50."
"How can I update my billing information?","You can update your billing information by logging into your account and going to the 'Billing Information' section."
"How do I subscribe to your newsletter?","You can subscribe to our newsletter by entering your email address in the subscription box on our website."
"Can I return a sale item?","Sale items can be returned within 30 days for a store credit."
"How do I know if my order has been shipped?","You will receive a shipping confirmation email with a tracking number once your order has been shipped."
"Do you offer wholesale pricing?","Yes, we offer wholesale pricing for bulk orders. Please contact our sales team for more information."
"How do I redeem my rewards points?","You can redeem your rewards points at checkout by selecting the 'Use Rewards Points' option."
"Can I expedite my shipping?","Yes, we offer expedited shipping options at checkout for an additional fee."
"Do you have a physical store?","Yes, we have a physical store located at 123 Main Street, Anytown, USA."
"Can I pre-order items?","Yes, you can pre-order items that are marked as 'Pre-Order' on our website."
"How do I delete my account?","You can delete your account by contacting our customer service."
"Can I change my email address?","Yes, you can change your email address by logging into your account and updating your profile information."
"What are your shipping options?","We offer standard, expedited, and overnight shipping options."
"Do you offer gift wrapping?","Yes, we offer gift wrapping for a small additional fee. You can select this option at checkout."
"How do I leave a review?","You can leave a review by visiting the product page and clicking on the 'Write a Review' button."
"Are your products eco-friendly?","Yes, we are committed to sustainability and offer a range of eco-friendly products."
"Can I request a product sample?","Yes, you can request a product sample by contacting our customer service."
"Do you offer customization?","Yes, we offer customization on select products. Please check the product page for details."
"How do I check my order status?","You can check your order status by logging into your account and visiting the 'Order History' section."
"What is your warranty policy?","We offer a one-year warranty on all products. Please contact our customer service for more details."
"How do I apply for a job?","You can apply for a job by visiting our 'Careers' page and submitting your resume."
"Do you offer financing options?","Yes, we offer financing options through our partner, Klarna."
"Can I save items to a wishlist?","Yes, you can save items to your wishlist by clicking on the 'Add to Wishlist' button on the product page."
"How do I use store credit?","You can use store credit at checkout by selecting the 'Use Store Credit' option."
"What is your exchange policy?","You can exchange an item within 30 days of purchase for a different size or color."
"How do I update my shipping address?","You can update your shipping address by logging into your account and visiting the 'Shipping Information' section."
"Do you offer a loyalty program?","Yes, we offer a loyalty program where you can earn points for purchases and redeem them for discounts."
"How do I unsubscribe from your emails?","You can unsubscribe from our emails by clicking the 'Unsubscribe' link at the bottom of any email."
"Can I combine multiple discount codes?","No, only one discount code can be used per order."
"What should I do if I forget my username?","If you forget your username, please contact our customer service for assistance."
"Do you offer a referral program?","Yes, we offer a referral program where you can earn rewards for referring friends."
"How do I find my size?","You can find your size by referring to our size guide available on the product pages."
"Do you have a mobile app?","Yes, our mobile app is available for download on both iOS and Android."
"What is your policy on backorders?","If an item is on backorder, we will notify you and ship it as soon as it becomes available."
"Can I change my delivery date?","Yes, you can change your delivery date by contacting our customer service."
"How do I get a refund?","You can get a refund by returning the item within 30 days of purchase. The refund will be processed to your original payment method."
"Do you offer price matching?","Yes, we offer price matching within 30 days of purchase. Please contact our customer service for more details."
"How do I join your affiliate program?","You can join our affiliate program by visiting our 'Affiliate Program' page and submitting an application."
"Can I order by phone?","Yes, you can place an order by phone by calling our customer service at 1-800-123-4567."
"How do I apply a gift card?","You can apply a gift card at checkout by entering the gift card code in the 'Gift Card' field."
"What is your policy on lost packages?","If your package is lost, please contact our customer service for assistance."
"Do you offer curbside pickup?","Yes, we offer curbside pickup at our physical store location. Please select this option at checkout."
"How do I update my account information?","You can update your account information by logging into your account and visiting the 'Account Information' section."
"Can I place a bulk order?","Yes, you can place a bulk order by contacting our sales team for assistance."
"How do I subscribe to product alerts?","You can subscribe to product alerts by signing up for notifications on the product page."
"Do you offer student discounts?","Yes, we offer student discounts. Please contact our customer service with your student ID for more details."
"What is your policy on defective items?","If you receive a defective item, please contact our customer service immediately for a replacement."
"Can I make a purchase without creating an account?","Yes, you can make a purchase as a guest without creating an account."
"How do I track my rewards points?","You can track your rewards points by logging into your account and visiting the 'Rewards' section."
"Do you offer military discounts?","Yes, we offer military discounts. Please contact our customer service with your military ID for more details."
"Can I reserve an item?","Yes, you can reserve an item by contacting our customer service."
"How do I cancel my subscription?","You can cancel your subscription by logging into your account and visiting the 'Subscription' section."
"Do you offer free samples?","Yes, we offer free samples with certain purchases. Please check our promotions page for more details."
"What is your policy on exchanges?","You can exchange an item within 30 days of purchase. Please contact our customer service for assistance."
"How do I leave feedback?","You can leave feedback by visiting our 'Contact Us' page and filling out the feedback form."
"Do you offer senior discounts?","Yes, we offer senior discounts. Please contact our customer service for more details."
"Can I update my payment method?","Yes, you can update your payment method by logging into your account and visiting the 'Payment Methods' section."
"What is your policy on pre-orders?","Pre-ordered items will be shipped as soon as they become available. You will be notified of any delays."
"Do you offer corporate discounts?","Yes, we offer corporate discounts for large orders. Please contact our sales team for more information."
"What are your business hours?","Our business hours are Monday to Friday, 9 AM to 5 PM."
"How can I reset my password?","You can reset your password by clicking on the 'Forgot Password' link on the login page."
"Where are you located?","We are located at 123 Main Street, Anytown, USA."
"Do you offer international shipping?","Yes, we offer international shipping to over 100 countries."
"What is your return policy?","You can return any item within 30 days of purchase for a full refund."
"How do I track my order?","You can track your order using the tracking number provided in your confirmation email."
"What payment methods do you accept?","We accept Visa, MasterCard, American Express, and PayPal."
"How can I contact customer service?","You can contact customer service by email at support@example.com or by phone at 1-800-123-4567."
"Can I change my order after placing it?","Yes, you can change your order within 24 hours of placing it by contacting our customer service."
"Do you offer gift cards?","Yes, we offer gift cards in various denominations. You can purchase them on our website."
"How do I apply a discount code?","You can apply a discount code at checkout by entering it in the 'Discount Code' field."
"Is my personal information secure?","Yes, we take your privacy seriously and use industry-standard security measures to protect your personal information."
"How do I create an account?","You can create an account by clicking on the 'Sign Up' button on our website and filling out the registration form."
"What if I receive a damaged item?","If you receive a damaged item, please contact our customer service immediately for assistance."
"Can I cancel my order?","Yes, you can cancel your order within 24 hours of placing it by contacting our customer service."
"Do you offer free shipping?","Yes, we offer free standard shipping on all orders over $50."
"How can I update my billing information?","You can update your billing information by logging into your account and going to the 'Billing Information' section."
"How do I subscribe to your newsletter?","You can subscribe to our newsletter by entering your email address in the subscription box on our website."
"Can I return a sale item?","Sale items can be returned within 30 days for a store credit."
"How do I know if my order has been shipped?","You will receive a shipping confirmation email with a tracking number once your order has been shipped."
"Do you offer wholesale pricing?","Yes, we offer wholesale pricing for bulk orders. Please contact our sales team for more information."
"How do I redeem my rewards points?","You can redeem your rewards points at checkout by selecting the 'Use Rewards Points' option."
"Can I expedite my shipping?","Yes, we offer expedited shipping options at checkout for an additional fee."
"Do you have a physical store?","Yes, we have a physical store located at 123 Main Street, Anytown, USA."
"Can I pre-order items?","Yes, you can pre-order items that are marked as 'Pre-Order' on our website."
"How do I delete my account?","You can delete your account by contacting our customer service."
"Can I change my email address?","Yes, you can change your email address by logging into your account and updating your profile information."
"What are your shipping options?","We offer standard, expedited, and overnight shipping options."
"Do you offer gift wrapping?","Yes, we offer gift wrapping for a small additional fee. You can select this option at checkout."
"How do I leave a review?","You can leave a review by visiting the product page and clicking on the 'Write a Review' button."
"Are your products eco-friendly?","Yes, we are committed to sustainability and offer a range of eco-friendly products."
"Can I request a product sample?","Yes, you can request a product sample by contacting our customer service."
"Do you offer customization?","Yes, we offer customization on select products. Please check the product page for details."
"How do I check my order status?","You can check your order status by logging into your account and visiting the 'Order History' section."
"What is your warranty policy?","We offer a one-year warranty on all products. Please contact our customer service for more details."
"How do I apply for a job?","You can apply for a job by visiting our 'Careers' page and submitting your resume."
"Do you offer financing options?","Yes, we offer financing options through our partner, Klarna."
"Can I save items to a wishlist?","Yes, you can save items to your wishlist by clicking on the 'Add to Wishlist' button on the product page."
"How do I use store credit?","You can use store credit at checkout by selecting the 'Use Store Credit' option."
"What is your exchange policy?","You can exchange an item within 30 days of purchase for a different size or color."
"How do I update my shipping address?","You can update your shipping address by logging into your account and visiting the 'Shipping Information' section."
"Do you offer a loyalty program?","Yes, we offer a loyalty program where you can earn points for purchases and redeem them for discounts."
"How do I unsubscribe from your emails?","You can unsubscribe from our emails by clicking the 'Unsubscribe' link at the bottom of any email."
"Can I combine multiple discount codes?","No, only one discount code can be used per order."
"What should I do if I forget my username?","If you forget your username, please contact our customer service for assistance."
"Do you offer a referral program?","Yes, we offer a referral program where you can earn rewards for referring friends."
"How do I find my size?","You can find your size by referring to our size guide available on the product pages."
"Do you have a mobile app?","Yes, our mobile app is available for download on both iOS and Android."
"What is your policy on backorders?","If an item is on backorder, we will notify you and ship it as soon as it becomes available."
"Can I change my delivery date?","Yes, you can change your delivery date by contacting our customer service."
"How do I get a refund?","You can get a refund by returning the item within 30 days of purchase. The refund will be processed to your original payment method."
"Do you offer price matching?","Yes, we offer price matching within 30 days of purchase. Please contact our customer service for more details."
"How do I join your affiliate program?","You can join our affiliate program by visiting our 'Affiliate Program' page and submitting an application."
"Can I order by phone?","Yes, you can place an order by phone by calling our customer service at 1-800-123-4567."
"How do I apply a gift card?","You can apply a gift card at checkout by entering the gift card code in the 'Gift Card' field."
"What is your policy on lost packages?","If your package is lost, please contact our customer service for assistance."
"Do you offer curbside pickup?","Yes, we offer curbside pickup at our physical store location. Please select this option at checkout."
"How do I update my account information?","You can update your account information by logging into your account and visiting the 'Account Information' section."
"Can I place a bulk order?","Yes, you can place a bulk order by contacting our sales team for assistance."
"How do I subscribe to product alerts?","You can subscribe to product alerts by signing up for notifications on the product page."
"Do you offer student discounts?","Yes, we offer student discounts. Please contact our customer service with your student ID for more details."
"What is your policy on defective items?","If you receive a defective item, please contact our customer service immediately for a replacement."
"Can I make a purchase without creating an account?","Yes, you can make a purchase as a guest without creating an account."
"How do I track my rewards points?","You can track your rewards points by logging into your account and visiting the 'Rewards' section."
"Do you offer military discounts?","Yes, we offer military discounts. Please contact our customer service with your military ID for more details."
"Can I reserve an item?","Yes, you can reserve an item by contacting our customer service."
"How do I cancel my subscription?","You can cancel your subscription by logging into your account and visiting the 'Subscription' section."
"Do you offer free samples?","Yes, we offer free samples with certain purchases. Please check our promotions page for more details."
"What is your policy on exchanges?","You can exchange an item within 30 days of purchase. Please contact our customer service for assistance."
"How do I leave feedback?","You can leave feedback by visiting our 'Contact Us' page and filling out the feedback form."
"Do you offer senior discounts?","Yes, we offer senior discounts. Please contact our customer service for more details."
"Can I update my payment method?","Yes, you can update your payment method by logging into your account and visiting the 'Payment Methods' section."
"What is your policy on pre-orders?","Pre-ordered items will be shipped as soon as they become available. You will be notified of any delays."
"Do you offer corporate discounts?","Yes, we offer corporate discounts for large orders. Please contact our sales team for more information."
"Where are you located?","We are located at 123 Main Street, Anytown, USA."
"Do you offer international shipping?","Yes, we offer international shipping to over 100 countries."
"What is your return policy?","You can return any item within 30 days of purchase for a full refund."
"How do I track my order?","You can track your order using the tracking number provided in your confirmation email."
"What payment methods do you accept?","We accept Visa, MasterCard, American Express, and PayPal."
"How can I contact customer service?","You can contact customer service by email at support@example.com or by phone at 1-800-123-4567."
"Can I change my order after placing it?","Yes, you can change your order within 24 hours of placing it by contacting our customer service."
"Do you offer gift cards?","Yes, we offer gift cards in various denominations. You can purchase them on our website."
"How do I apply a discount code?","You can apply a discount code at checkout by entering it in the 'Discount Code' field."
"Is my personal information secure?","Yes, we take your privacy seriously and use industry-standard security measures to protect your personal information."
"How do I create an account?","You can create an account by clicking on the 'Sign Up' button on our website and filling out the registration form."
"What if I receive a damaged item?","If you receive a damaged item, please contact our customer service immediately for assistance."
"Can I cancel my order?","Yes, you can cancel your order within 24 hours of placing it by contacting our customer service."
"Do you offer free shipping?","Yes, we offer free standard shipping on all orders over $50."
"How can I update my billing information?","You can update your billing information by logging into your account and going to the 'Billing Information' section."
"How do I subscribe to your newsletter?","You can subscribe to our newsletter by entering your email address in the subscription box on our website."
"Can I return a sale item?","Sale items can be returned within 30 days for a store credit."
"How do I know if my order has been shipped?","You will receive a shipping confirmation email with a tracking number once your order has been shipped."
"Do you offer wholesale pricing?","Yes, we offer wholesale pricing for bulk orders. Please contact our sales team for more information."
"How do I redeem my rewards points?","You can redeem your rewards points at checkout by selecting the 'Use Rewards Points' option."
"Can I expedite my shipping?","Yes, we offer expedited shipping options at checkout for an additional fee."
"Do you have a physical store?","Yes, we have a physical store located at 123 Main Street, Anytown, USA."
"Can I pre-order items?","Yes, you can pre-order items that are marked as 'Pre-Order' on our website."
"How do I delete my account?","You can delete your account by contacting our customer service."
"Can I change my email address?","Yes, you can change your email address by logging into your account and updating your profile information."
"What are your shipping options?","We offer standard, expedited, and overnight shipping options."
"Do you offer gift wrapping?","Yes, we offer gift wrapping for a small additional fee. You can select this option at checkout."
"How do I leave a review?","You can leave a review by visiting the product page and clicking on the 'Write a Review' button."
"Are your products eco-friendly?","Yes, we are committed to sustainability and offer a range of eco-friendly products."
"Can I request a product sample?","Yes, you can request a product sample by contacting our customer service."
"Do you offer customization?","Yes, we offer customization on select products. Please check the product page for details."
"How do I check my order status?","You can check your order status by logging into your account and visiting the 'Order History' section."
"What is your warranty policy?","We offer a one-year warranty on all products. Please contact our customer service for more details."
"How do I apply for a job?","You can apply for a job by visiting our 'Careers' page and submitting your resume."
"Do you offer financing options?","Yes, we offer financing options through our partner, Klarna."
"Can I save items to a wishlist?","Yes, you can save items to your wishlist by clicking on the 'Add to Wishlist' button on the product page."
"How do I use store credit?","You can use store credit at checkout by selecting the 'Use Store Credit' option."
"What is your exchange policy?","You can exchange an item within 30 days of purchase for a different size or color."
"How do I update my shipping address?","You can update your shipping address by logging into your account and visiting the 'Shipping Information' section."
"Do you offer a loyalty program?","Yes, we offer a loyalty program where you can earn points for purchases and redeem them for discounts."
"How do I unsubscribe from your emails?","You can unsubscribe from our emails by clicking the 'Unsubscribe' link at the bottom of any email."
"Can I combine multiple discount codes?","No, only one discount code can be used per order."
"What should I do if I forget my username?","If you forget your username, please contact our customer service for assistance."
"Do you offer a referral program?","Yes, we offer a referral program where you can earn rewards for referring friends."
"How do I find my size?","You can find your size by referring to our size guide available on the product pages."
"Do you have a mobile app?","Yes, our mobile app is available for download on both iOS and Android."
"What is your policy on backorders?","If an item is on backorder, we will notify you and ship it as soon as it becomes available."
"Can I change my delivery date?","Yes, you can change your delivery date by contacting our customer service."
"How do I get a refund?","You can get a refund by returning the item within 30 days of purchase. The refund will be processed to your original payment method."
"Do you offer price matching?","Yes, we offer price matching within 30 days of purchase. Please contact our customer service for more details."
"How do I join your affiliate program?","You can join our affiliate program by visiting our 'Affiliate Program' page and submitting an application."
"Can I order by phone?","Yes, you can place an order by phone by calling our customer service at 1-800-123-4567."
"How do I apply a gift card?","You can apply a gift card at checkout by entering the gift card code in the 'Gift Card' field."
"What is your policy on lost packages?","If your package is lost, please contact our customer service for assistance."
"Do you offer curbside pickup?","Yes, we offer curbside pickup at our physical store location. Please select this option at checkout."
"How do I update my account information?","You can update your account information by logging into your account and visiting the 'Account Information' section."
"Can I place a bulk order?","Yes, you can place a bulk order by contacting our sales team for assistance."
"How do I subscribe to product alerts?","You can subscribe to product alerts by signing up for notifications on the product page."
"Do you offer student discounts?","Yes, we offer student discounts. Please contact our customer service with your student ID for more details."
"What is your policy on defective items?","If you receive a defective item, please contact our customer service immediately for a replacement."
"Can I make a purchase without creating an account?","Yes, you can make a purchase as a guest without creating an account."
"How do I track my rewards points?","You can track your rewards points by logging into your account and visiting the 'Rewards' section."
"Do you offer military discounts?","Yes, we offer military discounts. Please contact our customer service with your military ID for more details."
"Can I reserve an item?","Yes, you can reserve an item by contacting our customer service."
"How do I cancel my subscription?","You can cancel your subscription by logging into your account and visiting the 'Subscription' section."
"Do you offer free samples?","Yes, we offer free samples with certain purchases. Please check our promotions page for more details."
"What is your policy on exchanges?","You can exchange an item within 30 days of purchase. Please contact our customer service for assistance."
"How do I leave feedback?","You can leave feedback by visiting our 'Contact Us' page and filling out the feedback form."
"Do you offer senior discounts?","Yes, we offer senior discounts. Please contact our customer service for more details."
"Can I update my payment method?","Yes, you can update your payment method by logging into your account and visiting the 'Payment Methods' section."
"What is your policy on pre-orders?","Pre-ordered items will be shipped as soon as they become available. You will be notified of any delays."
"Do you offer corporate discounts?","Yes, we offer corporate discounts for large orders. Please contact our sales team for more information."
"What are your business hours?","Our business hours are Monday to Friday, 9 AM to 5 PM."
"How can I reset my password?","You can reset your password by clicking on the 'Forgot Password' link on the login page."
"Where are you located?","We are located at 123 Main Street, Anytown, USA."
"Do you offer international shipping?","Yes, we offer international shipping to over 100 countries."
"What is your return policy?","You can return any item within 30 days of purchase for a full refund."
"How do I track my order?","You can track your order using the tracking number provided in your confirmation email."
"What payment methods do you accept?","We accept Visa, MasterCard, American Express, and PayPal."
"How can I contact customer service?","You can contact customer service by email at support@example.com or by phone at 1-800-123-4567."
"Can I change my order after placing it?","Yes, you can change your order within 24 hours of placing it by contacting our customer service."
"Do you offer gift cards?","Yes, we offer gift cards in various denominations. You can purchase them on our website."
"How do I apply a discount code?","You can apply a discount code at checkout by entering it in the 'Discount Code' field."
"Is my personal information secure?","Yes, we take your privacy seriously and use industry-standard security measures to protect your personal information."
"How do I create an account?","You can create an account by clicking on the 'Sign Up' button on our website and filling out the registration form."
"What if I receive a damaged item?","If you receive a damaged item, please contact our customer service immediately for assistance."
"Can I cancel my order?","Yes, you can cancel your order within 24 hours of placing it by contacting our customer service."
"Do you offer free shipping?","Yes, we offer free standard shipping on all orders over $50."
"How can I update my billing information?","You can update your billing information by logging into your account and going to the 'Billing Information' section."
"How do I subscribe to your newsletter?","You can subscribe to our newsletter by entering your email address in the subscription box on our website."
"Can I return a sale item?","Sale items can be returned within 30 days for a store credit."
"How do I know if my order has been shipped?","You will receive a shipping confirmation email with a tracking number once your order has been shipped."
"Do you offer wholesale pricing?","Yes, we offer wholesale pricing for bulk orders. Please contact our sales team for more information."
"How do I redeem my rewards points?","You can redeem your rewards points at checkout by selecting the 'Use Rewards Points' option."
"Can I expedite my shipping?","Yes, we offer expedited shipping options at checkout for an additional fee."
"Do you have a physical store?","Yes, we have a physical store located at 123 Main Street, Anytown, USA."
"Can I pre-order items?","Yes, you can pre-order items that are marked as 'Pre-Order' on our website."
"How do I delete my account?","You can delete your account by contacting our customer service."
"Can I change my email address?","Yes, you can change your email address by logging into your account and updating your profile information."
"What are your shipping options?","We offer standard, expedited, and overnight shipping options."
"Do you offer gift wrapping?","Yes, we offer gift wrapping for a small additional fee. You can select this option at checkout."
"How do I leave a review?","You can leave a review by visiting the product page and clicking on the 'Write a Review' button."
"Are your products eco-friendly?","Yes, we are committed to sustainability and offer a range of eco-friendly products."
"Can I request a product sample?","Yes, you can request a product sample by contacting our customer service."
"Do you offer customization?","Yes, we offer customization on select products. Please check the product page for details."
"How do I check my order status?","You can check your order status by logging into your account and visiting the 'Order History' section."
"What is your warranty policy?","We offer a one-year warranty on all products. Please contact our customer service for more details."
"How do I apply for a job?","You can apply for a job by visiting our 'Careers' page and submitting your resume."
"Do you offer financing options?","Yes, we offer financing options through our partner, Klarna."
"Can I save items to a wishlist?","Yes, you can save items to your wishlist by clicking on the 'Add to Wishlist' button on the product page."
"How do I use store credit?","You can use store credit at checkout by selecting the 'Use Store Credit' option."
"What is your exchange policy?","You can exchange an item within 30 days of purchase for a different size or color."
"How do I update my shipping address?","You can update your shipping address by logging into your account and visiting the 'Shipping Information' section."
"Do you offer a loyalty program?","Yes, we offer a loyalty program where you can earn points for purchases and redeem them for discounts."
"How do I unsubscribe from your emails?","You can unsubscribe from our emails by clicking the 'Unsubscribe' link at the bottom of any email."
"Can I combine multiple discount codes?","No, only one discount code can be used per order."
"What should I do if I forget my username?","If you forget your username, please contact our customer service for assistance."
"Do you offer a referral program?","Yes, we offer a referral program where you can earn rewards for referring friends."
"How do I find my size?","You can find your size by referring to our size guide available on the product pages."
"Do you have a mobile app?","Yes, our mobile app is available for download on both iOS and Android."
"What is your policy on backorders?","If an item is on backorder, we will notify you and ship it as soon as it becomes available."
"Can I change my delivery date?","Yes, you can change your delivery date by contacting our customer service."
"How do I get a refund?","You can get a refund by returning the item within 30 days of purchase. The refund will be processed to your original payment method."
"Do you offer price matching?","Yes, we offer price matching within 30 days of purchase. Please contact our customer service for more details."
"How do I join your affiliate program?","You can join our affiliate program by visiting our 'Affiliate Program' page and submitting an application."
"Can I order by phone?","Yes, you can place an order by phone by calling our customer service at 1-800-123-4567."
"How do I apply a gift card?","You can apply a gift card at checkout by entering the gift card code in the 'Gift Card' field."
"What is your policy on lost packages?","If your package is lost, please contact our customer service for assistance."
"Do you offer curbside pickup?","Yes, we offer curbside pickup at our physical store location. Please select this option at checkout."
"How do I update my account information?","You can update your account information by logging into your account and visiting the 'Account Information' section."
"Can I place a bulk order?","Yes, you can place a bulk order by contacting our sales team for assistance."
"How do I subscribe to product alerts?","You can subscribe to product alerts by signing up for notifications on the product page."
"Do you offer student discounts?","Yes, we offer student discounts. Please contact our customer service with your student ID for more details."
"What is your policy on defective items?","If you receive a defective item, please contact our customer service immediately for a replacement."
"Can I make a purchase without creating an account?","Yes, you can make a purchase as a guest without creating an account."
"How do I track my rewards points?","You can track your rewards points by logging into your account and visiting the 'Rewards' section."
"Do you offer military discounts?","Yes, we offer military discounts. Please contact our customer service with your military ID for more details."
"Can I reserve an item?","Yes, you can reserve an item by contacting our customer service."
"How do I cancel my subscription?","You can cancel your subscription by logging into your account and visiting the 'Subscription' section."
"Do you offer free samples?","Yes, we offer free samples with certain purchases. Please check our promotions page for more details."
"What is your policy on exchanges?","You can exchange an item within 30 days of purchase. Please contact our customer service for assistance."
"How do I leave feedback?","You can leave feedback by visiting our 'Contact Us' page and filling out the feedback form."
"Do you offer senior discounts?","Yes, we offer senior discounts. Please contact our customer service for more details."
"Can I update my payment method?","Yes, you can update your payment method by logging into your account and visiting the 'Payment Methods' section."
"What is your policy on pre-orders?","Pre-ordered items will be shipped as soon as they become available. You will be notified of any delays."
